--
-- PostgreSQL database dump
--

-- Dumped from database version 16.1
-- Dumped by pg_dump version 16.1

SET statement_timeout = 0;
SET lock_timeout = 0;
SET idle_in_transaction_session_timeout = 0;
SET client_encoding = 'UTF8';
SET standard_conforming_strings = on;
SELECT pg_catalog.set_config('search_path', '', false);
SET check_function_bodies = false;
SET xmloption = content;
SET client_min_messages = warning;
SET row_security = off;

SET default_tablespace = '';

SET default_table_access_method = heap;

--
-- Name: customers; Type: TABLE; Schema: public; Owner: postgres
--

CREATE TABLE public.customers (
    customer_id integer NOT NULL,
    name character varying(50),
    email character varying(50),
    phone character varying(15),
    created_at timestamp with time zone DEFAULT now(),
    updated_at timestamp with time zone DEFAULT now()
);


ALTER TABLE public.customers OWNER TO postgres;

--
-- Name: customers_customer_id_seq; Type: SEQUENCE; Schema: public; Owner: postgres
--

ALTER TABLE public.customers ALTER COLUMN customer_id ADD GENERATED BY DEFAULT AS IDENTITY (
    SEQUENCE NAME public.customers_customer_id_seq
    START WITH 1
    INCREMENT BY 1
    NO MINVALUE
    NO MAXVALUE
    CACHE 1
);


--
-- Name: order_details; Type: TABLE; Schema: public; Owner: postgres
--

CREATE TABLE public.order_details (
    order_detail_id integer NOT NULL,
    order_id integer,
    product_id integer,
    quantity integer,
    total_price money,
    created_at timestamp with time zone DEFAULT now(),
    updated_at timestamp with time zone DEFAULT now()
);


ALTER TABLE public.order_details OWNER TO postgres;

--
-- Name: order_details_order_detail_id_seq; Type: SEQUENCE; Schema: public; Owner: postgres
--

ALTER TABLE public.order_details ALTER COLUMN order_detail_id ADD GENERATED BY DEFAULT AS IDENTITY (
    SEQUENCE NAME public.order_details_order_detail_id_seq
    START WITH 1
    INCREMENT BY 1
    NO MINVALUE
    NO MAXVALUE
    CACHE 1
);


--
-- Name: orders; Type: TABLE; Schema: public; Owner: postgres
--

CREATE TABLE public.orders (
    order_id integer NOT NULL,
    customer_id integer,
    total_quantity integer,
    total_price integer,
    status character varying(20),
    order_time timestamp with time zone,
    last_updated timestamp with time zone,
    created_at timestamp with time zone DEFAULT now(),
    updated_at timestamp with time zone DEFAULT now()
);


ALTER TABLE public.orders OWNER TO postgres;

--
-- Name: orders_order_id_seq; Type: SEQUENCE; Schema: public; Owner: postgres
--

ALTER TABLE public.orders ALTER COLUMN order_id ADD GENERATED BY DEFAULT AS IDENTITY (
    SEQUENCE NAME public.orders_order_id_seq
    START WITH 1
    INCREMENT BY 1
    NO MINVALUE
    NO MAXVALUE
    CACHE 1
);


--
-- Name: products; Type: TABLE; Schema: public; Owner: postgres
--

CREATE TABLE public.products (
    product_id integer NOT NULL,
    name character varying(50),
    price money,
    created_at timestamp with time zone DEFAULT now(),
    updated_at timestamp with time zone DEFAULT now()
);


ALTER TABLE public.products OWNER TO postgres;

--
-- Name: products_product_id_seq; Type: SEQUENCE; Schema: public; Owner: postgres
--

ALTER TABLE public.products ALTER COLUMN product_id ADD GENERATED BY DEFAULT AS IDENTITY (
    SEQUENCE NAME public.products_product_id_seq
    START WITH 1
    INCREMENT BY 1
    NO MINVALUE
    NO MAXVALUE
    CACHE 1
);


--
-- Data for Name: customers; Type: TABLE DATA; Schema: public; Owner: postgres
--

COPY public.customers (customer_id, name, email, phone, created_at, updated_at) FROM stdin;
16	John Doe	johndoe@email.com	1234567890	2024-01-08 17:26:09.945797+07	2024-01-08 17:26:09.945797+07
17	Alice Smith	alicesmith@email.com	9876543210	2024-01-08 17:26:09.945797+07	2024-01-08 17:26:09.945797+07
18	Bob Johnson	bjohnson@email.com	5551234567	2024-01-08 17:26:09.945797+07	2024-01-08 17:26:09.945797+07
19	Emma Wilson	emmawilson@email.com	9998887777	2024-01-08 17:26:09.945797+07	2024-01-08 17:26:09.945797+07
20	David Brown	davidbrown@email.com	1112223333	2024-01-08 17:26:09.945797+07	2024-01-08 17:26:09.945797+07
\.


--
-- Data for Name: order_details; Type: TABLE DATA; Schema: public; Owner: postgres
--

COPY public.order_details (order_detail_id, order_id, product_id, quantity, total_price, created_at, updated_at) FROM stdin;
17	11	11	1	$29.99	2024-01-08 17:30:05.440118+07	2024-01-08 17:30:05.440118+07
18	12	12	1	$39.99	2024-01-08 17:30:05.440118+07	2024-01-08 17:30:05.440118+07
19	13	13	2	$59.98	2024-01-08 17:30:05.440118+07	2024-01-08 17:30:05.440118+07
20	14	14	1	$49.99	2024-01-08 17:30:05.440118+07	2024-01-08 17:30:05.440118+07
21	15	15	1	$19.99	2024-01-08 17:30:05.440118+07	2024-01-08 17:30:05.440118+07
\.


--
-- Data for Name: orders; Type: TABLE DATA; Schema: public; Owner: postgres
--

COPY public.orders (order_id, customer_id, total_quantity, total_price, status, order_time, last_updated, created_at, updated_at) FROM stdin;
11	16	2	70	Đã đặt hàng	2024-01-08 10:00:00+07	2024-01-08 10:30:00+07	2024-01-08 17:28:22.890336+07	2024-01-08 17:28:22.890336+07
12	17	3	130	Đã đặt hàng	2024-01-08 11:00:00+07	2024-01-08 11:15:00+07	2024-01-08 17:28:22.890336+07	2024-01-08 17:28:22.890336+07
13	18	1	50	Đã đặt hàng	2024-01-08 12:00:00+07	2024-01-08 12:30:00+07	2024-01-08 17:28:22.890336+07	2024-01-08 17:28:22.890336+07
14	19	2	70	Đã đặt hàng	2024-01-08 13:00:00+07	2024-01-08 13:30:00+07	2024-01-08 17:28:22.890336+07	2024-01-08 17:28:22.890336+07
15	20	1	30	Đã đặt hàng	2024-01-08 14:00:00+07	2024-01-08 14:15:00+07	2024-01-08 17:28:22.890336+07	2024-01-08 17:28:22.890336+07
\.


--
-- Data for Name: products; Type: TABLE DATA; Schema: public; Owner: postgres
--

COPY public.products (product_id, name, price, created_at, updated_at) FROM stdin;
11	Áo sơ mi	$29.99	2024-01-08 17:26:34.438153+07	2024-01-08 17:26:34.438153+07
12	Quần jean	$39.99	2024-01-08 17:26:34.438153+07	2024-01-08 17:26:34.438153+07
13	Giày thể thao	$49.99	2024-01-08 17:26:34.438153+07	2024-01-08 17:26:34.438153+07
14	Túi xách	$19.99	2024-01-08 17:26:34.438153+07	2024-01-08 17:26:34.438153+07
15	Đồng hồ	$99.99	2024-01-08 17:26:34.438153+07	2024-01-08 17:26:34.438153+07
\.


--
-- Name: customers_customer_id_seq; Type: SEQUENCE SET; Schema: public; Owner: postgres
--

SELECT pg_catalog.setval('public.customers_customer_id_seq', 20, true);


--
-- Name: order_details_order_detail_id_seq; Type: SEQUENCE SET; Schema: public; Owner: postgres
--

SELECT pg_catalog.setval('public.order_details_order_detail_id_seq', 21, true);


--
-- Name: orders_order_id_seq; Type: SEQUENCE SET; Schema: public; Owner: postgres
--

SELECT pg_catalog.setval('public.orders_order_id_seq', 15, true);


--
-- Name: products_product_id_seq; Type: SEQUENCE SET; Schema: public; Owner: postgres
--

SELECT pg_catalog.setval('public.products_product_id_seq', 15, true);


--
-- Name: customers customers_pkey; Type: CONSTRAINT; Schema: public; Owner: postgres
--

ALTER TABLE ONLY public.customers
    ADD CONSTRAINT customers_pkey PRIMARY KEY (customer_id);


--
-- Name: order_details order_details_pkey; Type: CONSTRAINT; Schema: public; Owner: postgres
--

ALTER TABLE ONLY public.order_details
    ADD CONSTRAINT order_details_pkey PRIMARY KEY (order_detail_id);


--
-- Name: orders orders_pkey; Type: CONSTRAINT; Schema: public; Owner: postgres
--

ALTER TABLE ONLY public.orders
    ADD CONSTRAINT orders_pkey PRIMARY KEY (order_id);


--
-- Name: products products_pkey; Type: CONSTRAINT; Schema: public; Owner: postgres
--

ALTER TABLE ONLY public.products
    ADD CONSTRAINT products_pkey PRIMARY KEY (product_id);


--
-- Name: order_details order_details_order_id_fkey; Type: FK CONSTRAINT; Schema: public; Owner: postgres
--

ALTER TABLE ONLY public.order_details
    ADD CONSTRAINT order_details_order_id_fkey FOREIGN KEY (order_id) REFERENCES public.orders(order_id);


--
-- Name: order_details order_details_product_id_fkey; Type: FK CONSTRAINT; Schema: public; Owner: postgres
--

ALTER TABLE ONLY public.order_details
    ADD CONSTRAINT order_details_product_id_fkey FOREIGN KEY (product_id) REFERENCES public.products(product_id);


--
-- Name: orders orders_customer_id_fkey; Type: FK CONSTRAINT; Schema: public; Owner: postgres
--

ALTER TABLE ONLY public.orders
    ADD CONSTRAINT orders_customer_id_fkey FOREIGN KEY (customer_id) REFERENCES public.customers(customer_id);


--
-- PostgreSQL database dump complete
--

